"","iteration","mean_uncert","sd_uncert","pct_high_uncert"
"1","v1",4508.76997582091,2741.36436959723,99.6600573959837
"2","v2",5465.92102206205,2729.79587850582,99.8217423917276
